0	IRIS_313-50642-1	0
0	IRIS_313-42469-1	1
0	IRIS_313-12881-1	9
0	IRIS_313-12485-1	1
0	IRIS_313-67848-1	0
0	IRIS_313-9074-1	0
0	IRIS_313-27516-2	5
0	IRIS_313-6588-1	5
0	IRIS_313-28303-1	1
0	IRIS_313-28016-1	5
0	IRIS_313-66831-1	0
0	IRIS_313-21780-1	0
0	IRIS_313-64778-1	1
0	IRIS_313-25838-1	1
0	IRIS_313-20709-1	0
0	IRIS_313-73127-1	9
0	IRIS_313-25845-1	1
0	IRIS_313-25855-1	0
0	IRIS_313-76296-1	1
0	IRIS_313-34699-1	0
0	IRIS_313-36345-1	1
0	IRIS_313-66815-1	1
0	IRIS_313-67631-1	9
0	IRIS_313-27748-2	0
0	IRIS_313-4785-1	0
0	IRIS_313-60751-1	0
0	IRIS_313-62604-1	0
0	IRIS_313-17083-1	0
0	IRIS_313-55346-1	1
0	IRIS_313-14546-1	0
0	IRIS_313-57496-1	9
0	IRIS_313-10430-1	0
0	IRIS_313-9389-1	5
0	IRIS_313-8193-1	5
0	IRIS_313-8269-1	0
0	IRIS_313-3394-1	0
0	IRIS_313-48733-1	0
0	IRIS_313-57692-1	0
0	IRIS_313-14567-1	0
0	IRIS_313-71514-1	0
0	IRIS_313-60162-1	0
0	IRIS_313-32406-1	0
0	IRIS_313-64657-1	0
0	IRIS_313-66669-1	0
0	IRIS_313-9091-1	0
0	IRIS_313-5999-1	0
0	IRIS_313-73090-1	1
0	IRIS_313-3461-1	1
0	IRIS_313-51049-1	9
0	IRIS_313-73124-1	1
0	IRIS_313-35154-1	1
0	IRIS_313-43915-1	0
0	IRIS_313-31611-1	0
0	IRIS_313-36333-1	0
0	IRIS_313-27594-1	1
0	IRIS_313-46459-1	0
0	IRIS_313-67434-1	0
0	IRIS_313-8993-1	0
0	IRIS_313-69349-1	1
0	IRIS_313-8948-1	0
0	IRIS_313-41146-1	0
0	IRIS_313-59710-1	0
0	IRIS_313-47383-1	0
0	IRIS_313-5496-1	0
0	IRIS_313-53437-1	0
0	IRIS_313-50009-1	0
0	IRIS_313-69340-1	0
0	IRIS_313-55849-1	0
0	IRIS_313-40081-1	0
0	IRIS_313-59348-1	1
0	IRIS_313-286-1	0
0	IRIS_313-16292-1	7
0	IRIS_313-78342-1	0
0	IRIS_313-74613-1	0
0	IRIS_313-71559-1	0
0	IRIS_313-71646-1	0
0	IRIS_313-3408-1	0
0	IRIS_313-78629-1	0
0	IRIS_313-21528-1	0
0	IRIS_313-10669-1	0
0	IRIS_313-71556-1	0
0	IRIS_313-58930-1	0
0	IRIS_313-20491-1	0
0	IRIS_313-29221-1	1
0	IRIS_313-73101-1	0
0	IRIS_313-33990-1	0
0	IRIS_313-73121-1	1
0	IRIS_313-11000-1	0
0	IRIS_313-32575-1	0
0	IRIS_313-1667-1	0
0	IRIS_313-43322-1	0
0	IRIS_313-9790-1	0
0	IRIS_313-6046-1	0
0	IRIS_313-68878-1	7
0	IRIS_313-78426-1	0
0	IRIS_313-51231-1	0
0	IRIS_313-52339-1	0
0	IRIS_313-39291-1	0
0	IRIS_313-27138-1	0
0	IRIS_313-12144-1	0
0	IRIS_313-62202-1	0
0	IRIS_313-77284-1	0
0	IRIS_313-63098-1	0
0	IRIS_313-80950-1	0
0	IRIS_313-6671-1	0
0	IRIS_313-64509-1	0
0	IRIS_313-90-1	0
0	IRIS_313-3130-1	0
0	IRIS_313-9305-1	0
0	IRIS_313-11335-1	0
0	IRIS_313-54201-1	9
0	IRIS_313-67436-1	0
0	IRIS_313-32301-1	7
0	IRIS_313-47151-1	9
0	IRIS_313-78369-1	0
0	IRIS_313-48493-1	0
0	IRIS_313-64935-1	0
0	IRIS_313-2564-1	0
0	IRIS_313-43741-1	0
0	IRIS_313-9070-1	0
0	IRIS_313-41068-1	0
0	IRIS_313-63517-1	1
0	IRIS_313-13389-1	0
0	IRIS_313-69890-1	0
0	IRIS_313-67857-1	0
0	IRIS_313-38522-1	0
0	IRIS_313-38535-1	0
0	IRIS_313-27798-1	1
0	IRIS_313-12331-1	1
0	IRIS_313-14487-1	0
0	IRIS_313-62530-1	1
0	IRIS_313-15449-1	5
0	IRIS_313-7014-1	0
0	IRIS_313-74779-1	0
0	IRIS_313-35563-1	0
0	IRIS_313-49333-1	0
0	IRIS_313-18254-1	0
0	IRIS_313-1565-1	0
0	IRIS_313-22604-1	0
0	IRIS_313-32671-1	0
0	IRIS_313-63599-1	0
0	IRIS_313-63561-1	0
0	IRIS_313-61667-1	0
0	IRIS_313-49094-1	0
0	IRIS_313-5891-1	0
0	IRIS_313-43299-1	0
0	IRIS_313-4955-1	0
0	IRIS_313-42316-1	0
0	IRIS_313-78276-1	0
0	IRIS_313-11462-1	0
0	IRIS_313-77293-1	1
0	IRIS_313-67559-1	1
0	IRIS_313-43489-1	0
0	IRIS_313-49790-1	1
0	IRIS_313-21727-1	0
0	IRIS_313-22417-1	0
0	IRIS_313-53630-1	0
0	IRIS_313-24484-1	0
0	IRIS_313-42695-1	0
0	IRIS_313-52523-1	0
0	IRIS_313-77292-1	1
0	IRIS_313-1368-1	0
0	IRIS_313-63113-1	0
0	IRIS_313-58245-1	1
0	IRIS_313-64333-1	0
0	IRIS_313-65866-1	0
0	IRIS_313-33885-1	0
0	IRIS_313-74774-1	1
0	IRIS_313-27526-1	0
0	IRIS_313-67742-1	0
0	IRIS_313-55278-1	7
0	IRIS_313-38320-1	0
0	IRIS_313-18624-1	0
0	IRIS_313-74782-1	0
0	IRIS_313-61127-1	0
0	IRIS_313-40896-1	0
0	IRIS_313-67707-1	0
0	IRIS_313-14623-1	0
0	IRIS_313-38390-1	0
0	IRIS_313-41374-1	0
0	IRIS_313-6129-1	0
0	IRIS_313-27522-1	0
0	IRIS_313-77226-1	0
0	IRIS_313-70188-1	0
0	IRIS_313-8267-1	0
0	IRIS_313-68159-1	0
0	IRIS_313-78267-1	0
0	IRIS_313-41663-1	0
0	IRIS_313-69653-1	1
0	IRIS_313-67968-1	0
0	IRIS_313-61133-1	9
0	IRIS_313-52184-1	0
0	IRIS_313-36304-1	0
0	IRIS_313-77279-1	0
0	IRIS_313-37562-1	0
0	IRIS_313-47650-1	0
0	IRIS_313-63619-1	0
0	IRIS_313-42672-1	0
0	IRIS_313-44357-1	9
0	IRIS_313-20098-1	0
0	IRIS_313-6179-1	0
0	IRIS_313-22163-1	0
0	IRIS_313-36270-1	0
0	IRIS_313-47938-1	0
0	IRIS_313-42274-1	0
0	IRIS_313-78257-1	0
0	IRIS_313-12603-1	0
0	IRIS_313-67720-1	0
0	IRIS_313-41377-1	1
0	IRIS_313-64490-1	0
0	IRIS_313-1563-1	0
0	IRIS_313-78245-1	0
0	IRIS_313-78266-1	0
0	IRIS_313-15777-1	0
0	IRIS_313-17111-1	0
0	IRIS_313-34259-1	0
0	IRIS_313-29009-1	0
0	IRIS_313-31727-1	0
0	IRIS_313-14281-1	0
0	IRIS_313-26744-1	0
0	IRIS_313-651-1	0
0	IRIS_313-874-1	0
0	IRIS_313-881-1	0
0	IRIS_313-882-1	0
0	IRIS_313-24397-1	0
0	IRIS_313-46695-1	0
0	IRIS_313-48168-1	0
0	IRIS_313-26629-1	0
0	IRIS_313-32796-1	0
0	IRIS_313-34709-1	0
0	IRIS_313-60764-1	0
0	IRIS_313-60035-1	0
0	IRIS_313-49647-1	0
0	IRIS_313-29820-1	0
0	IRIS_313-12190-1	0
0	IRIS_313-4606-1	0
0	IRIS_313-35310-1	0
0	IRIS_313-71279-1	0
0	IRIS_313-14285-1	0
0	IRIS_313-77258-1	1
0	IRIS_313-36526-1	0
0	IRIS_313-48552-1	0
0	IRIS_313-70441-1	0
0	IRIS_313-31381-1	0
0	IRIS_313-74763-1	0
0	IRIS_313-45733-1	0
0	IRIS_313-31812-1	0
0	IRIS_313-26772-1	0
0	IRIS_313-78251-1	0
0	IRIS_313-33549-1	0
0	IRIS_313-24394-1	0
0	IRIS_313-46693-1	0
0	IRIS_313-831-1	0
0	IRIS_313-12631-1	0
0	IRIS_313-56138-1	0
0	IRIS_313-20154-1	0
0	IRIS_313-1306-1	0
0	IRIS_313-77299-1	1
0	IRIS_313-41216-1	0
0	IRIS_313-45197-1	0
0	IRIS_313-29740-1	0
0	IRIS_313-4602-1	0
0	IRIS_313-52807-1	0
0	IRIS_313-25877-1	1
0	IRIS_313-53715-1	0
0	IRIS_313-64572-1	0
0	IRIS_313-42256-1	0
0	IRIS_313-45701-1	0
0	IRIS_313-61322-1	0
0	IRIS_313-15924-1	0
0	IRIS_313-1309-1	0
0	IRIS_313-157-1	0
0	IRIS_313-67958-1	0
0	IRIS_313-67485-1	7
0	IRIS_313-5285-1	5
0	IRIS_313-67856-1	1
0	IRIS_313-50690-1	0
0	IRIS_313-44-1	0
0	IRIS_313-74757-1	0
0	IRIS_313-10976-1	0
0	IRIS_313-77529-1	0
0	IRIS_313-40972-1	0
0	IRIS_313-39735-1	0
0	IRIS_313-36571-1	0
0	IRIS_313-63796-1	0
0	IRIS_313-62154-1	0
0	IRIS_313-58415-1	0
0	IRIS_313-14615-1	0
0	IRIS_313-41934-1	0
0	IRIS_313-77216-1	0
0	IRIS_313-47946-1	0
0	IRIS_313-45827-1	0
0	IRIS_313-33963-1	0
0	IRIS_313-12524-1	0
0	IRIS_313-52261-1	0
0	IRIS_313-31801-1	0
0	IRIS_313-78703-1	1
0	IRIS_313-43250-1	0
0	IRIS_313-32094-1	0
0	IRIS_313-78248-1	0
0	IRIS_313-78237-1	0
0	IRIS_313-111-1	0
0	IRIS_313-112-1	0
0	IRIS_313-126-1	0
0	IRIS_313-376-1	0
0	IRIS_313-51255-1	0
0	IRIS_313-59797-1	0
0	IRIS_313-67903-1	0
0	IRIS_313-68672-1	7
0	IRIS_313-114-1	0
0	IRIS_313-2081-1	1
0	IRIS_313-3272-1	0
0	IRIS_313-5805-1	0
0	IRIS_313-6638-1	0
0	IRIS_313-10793-1	0
0	IRIS_313-11070-1	0
0	IRIS_313-11940-1	0
0	IRIS_313-13391-1	1
0	IRIS_313-15465-1	0
0	IRIS_313-15555-1	0
0	IRIS_313-28860-1	0
0	IRIS_313-46956-1	0
0	IRIS_313-46974-1	0
0	IRIS_313-46977-1	0
0	IRIS_313-47066-1	0
0	IRIS_313-50155-1	0
0	IRIS_313-50649-1	0
0	IRIS_313-51101-1	0
0	IRIS_313-53079-1	0
0	IRIS_313-55328-1	0
0	IRIS_313-55347-1	0
0	IRIS_313-55632-1	0
0	IRIS_313-56751-1	0
0	IRIS_313-56823-1	1
0	IRIS_313-61890-1	0
0	IRIS_313-62101-1	1
0	IRIS_313-64111-1	0
0	IRIS_313-64946-1	1
0	IRIS_313-66237-1	0
0	IRIS_313-68517-1	0
0	IRIS_313-68951-1	0
0	IRIS_313-69014-1	0
0	IRIS_313-69015-1	0
0	IRIS_313-69474-1	0
0	IRIS_313-69487-1	0
0	IRIS_313-69582-1	0
0	IRIS_313-69739-1	0
0	IRIS_313-69884-1	0
0	IRIS_313-70487-1	0
0	IRIS_313-79385-1	0
0	IRIS_313-81675-1	0
0	IRIS_313-82059-1	0
0	IRIS_313-1038-1	0
0	IRIS_313-7887-1	0
0	IRIS_313-39174-1	0
0	IRIS_313-45255-1	0
0	IRIS_313-47705-1	0
0	IRIS_313-51302-1	0
0	IRIS_313-55915-1	1
0	IRIS_313-63491-1	1
0	IRIS_313-63735-1	0
0	IRIS_313-63772-1	0
0	IRIS_313-63908-1	0
0	IRIS_313-67103-1	0
0	IRIS_313-68047-1	0
0	IRIS_313-68060-1	0
0	IRIS_313-72025-1	0
0	IRIS_313-72036-1	0
0	IRIS_313-72230-1	0
0	IRIS_313-72697-1	0
0	IRIS_313-76438-1	0
0	IRIS_313-79580-1	0
0	IRIS_313-81026-1	0
0	IRIS_313-99706-1	0
0	IRIS_313-99711-1	0
0	IRIS_313-99716-1	0
0	IRIS_313-99717-1	0
0	IRIS_313-109232-1	7
0	IRIS_313-40978-1	1
0	IRIS_313-43048-1	1
0	IRIS_313-42328-1	0
0	IRIS_313-10105-1	0
0	IRIS_313-5456-1	0
0	IRIS_313-11889-1	0
0	IRIS_313-5905-1	0
0	IRIS_313-66509-1	0
0	IRIS_313-19528-1	0
0	IRIS_313-51064-1	0
0	IRIS_313-8341-1	0
0	IRIS_313-16009-1	0
0	IRIS_313-29755-1	0
0	IRIS_313-57578-1	0
0	IRIS_313-71524-1	0
0	IRIS_313-69402-1	0
0	IRIS_313-79912-1	0
0	IRIS_313-66568-1	0
0	IRIS_313-15801-1	0
0	IRIS_313-52785-1	1
0	IRIS_313-71508-1	0
0	IRIS_313-21074-1	0
0	IRIS_313-69263-1	0
0	IRIS_313-14146-1	0
0	IRIS_313-71103-1	0
0	IRIS_313-14087-1	0
0	IRIS_313-66597-1	0
0	IRIS_313-13892-1	0
0	IRIS_313-56171-1	0
0	IRIS_313-13917-1	0
0	IRIS_313-12768-1	7
0	IRIS_313-66649-1	0
0	IRIS_313-66497-1	0
0	IRIS_313-77253-1	0
0	IRIS_313-64420-1	0
0	IRIS_313-5809-2	0
0	IRIS_313-66603-1	0
0	IRIS_313-48007-1	0
0	IRIS_313-27393-1	0
0	IRIS_313-54792-1	1
0	IRIS_313-77285-1	1
0	IRIS_313-33118-1	1
0	IRIS_313-66643-1	0
0	IRIS_313-13361-1	0
0	IRIS_313-48257-1	0
0	IRIS_313-58041-1	0
0	IRIS_313-71536-1	0
0	IRIS_313-48730-1	1
0	IRIS_313-25734-1	0
0	IRIS_313-24532-1	0
0	IRIS_313-16650-1	0
0	IRIS_313-38145-1	0
0	IRIS_313-66538-1	1
0	IRIS_313-66659-1	0
0	IRIS_313-71570-1	1
0	IRIS_313-17186-1	0
0	IRIS_313-10234-2	0
0	IRIS_313-66681-1	0
0	IRIS_313-65577-1	0
0	IRIS_313-69456-1	1
0	IRIS_313-66614-1	0
0	IRIS_313-19972-1	0
0	IRIS_313-46954-1	0
0	IRIS_313-37951-1	0
0	IRIS_313-58524-1	0
0	IRIS_313-78268-1	1
0	IRIS_313-8235-1	0
0	IRIS_313-42151-1	1
0	IRIS_313-49361-1	9
0	IRIS_313-71644-1	0
0	IRIS_313-1-1	0
0	IRIS_313-11938-1	0
0	IRIS_313-49895-1	0
0	IRIS_313-50950-1	0
0	IRIS_313-78698-1	0
0	IRIS_313-46907-1	0
0	IRIS_313-66065-1	0
0	IRIS_313-62166-1	0
0	IRIS_313-17072-1	0
0	IRIS_313-66836-1	0
0	IRIS_313-2719-1	5
0	IRIS_313-55785-1	0
0	IRIS_313-58347-1	1
0	IRIS_313-76309-1	0
0	IRIS_313-76307-1	0
0	IRIS_313-34281-1	0
0	IRIS_313-34275-1	0
0	IRIS_313-2633-1	0
0	IRIS_313-55230-1	0
0	IRIS_313-2545-1	0
0	IRIS_313-26016-1	0
0	IRIS_313-65705-1	1
0	IRIS_313-1427-1	0
0	IRIS_313-55547-1	9
0	IRIS_313-2134-1	0
0	IRIS_313-16305-1	0
0	IRIS_313-59807-1	0
0	IRIS_313-90852-1	1
0	IRIS_313-79-1	0
0	IRIS_313-85-1	0
0	IRIS_313-59499-1	1
0	IRIS_313-2493-1	5
0	IRIS_313-3217-1	0
0	IRIS_313-3404-1	0
0	IRIS_313-5785-1	0
0	IRIS_313-9353-1	9
0	IRIS_313-12872-1	5
0	IRIS_313-12876-1	0
0	IRIS_313-19296-1	0
0	IRIS_313-19760-1	5
0	IRIS_313-19775-1	5
0	IRIS_313-19880-1	1
0	IRIS_313-19891-1	1
0	IRIS_313-50351-1	0
0	IRIS_313-51591-1	0
0	IRIS_313-51605-1	1
0	IRIS_313-51643-1	0
0	IRIS_313-55536-1	7
0	IRIS_313-58368-1	0
0	IRIS_313-65732-1	0
0	IRIS_313-72491-1	0
0	IRIS_313-72514-1	0
0	IRIS_313-72533-1	0
0	IRIS_313-74581-1	0
0	IRIS_313-74582-1	0
0	IRIS_313-77312-1	0
0	IRIS_313-77639-1	0
0	IRIS_313-77644-1	0
0	IRIS_313-77666-1	7
0	IRIS_313-82424-1	0
0	IRIS_313-59591-1	0
0	IRIS_313-4860-1	1
0	IRIS_313-3150-1	0
0	IRIS_313-68549-1	0
0	IRIS_313-77140-1	1
0	IRIS_313-62171-1	0
0	IRIS_313-66755-1	0
0	IRIS_313-70250-1	0
0	IRIS_313-410-1	1
0	IRIS_313-66760-1	1
0	IRIS_313-64913-1	1
0	IRIS_313-44069-1	0
0	IRIS_313-69058-1	1
0	IRIS_313-56698-1	0
0	IRIS_313-1739-1	0
0	IRIS_313-64897-1	0
0	IRIS_313-64902-1	0
0	IRIS_313-5769-1	5
0	IRIS_313-71140-1	0
0	IRIS_313-71554-1	0
0	IRIS_313-44076-1	0
0	IRIS_313-1799-1	0
0	IRIS_313-66759-1	0
0	IRIS_313-71615-1	0
0	IRIS_313-25214-1	5
0	IRIS_313-21348-1	0
0	IRIS_313-30751-1	0
0	IRIS_313-5022-1	0
0	IRIS_313-71596-1	0
0	IRIS_313-43402-1	9
0	IRIS_313-6741-1	0
0	IRIS_313-51125-1	0
0	IRIS_313-64887-1	0
0	IRIS_313-6077-1	1
0	IRIS_313-7756-1	1
0	IRIS_313-66644-1	0
0	IRIS_313-69911-1	0
0	IRIS_313-5726-1	1
0	IRIS_313-7691-1	1
0	IRIS_313-14791-1	5
0	IRIS_313-26276-1	0
0	IRIS_313-55865-1	0
0	IRIS_313-68500-1	1
0	IRIS_313-72918-1	0
0	IRIS_313-73031-1	0
0	IRIS_313-73053-1	1
0	IRIS_313-73055-1	0
0	IRIS_313-74467-1	0
0	IRIS_313-74513-1	1
0	IRIS_313-74514-1	1
0	IRIS_313-74518-1	1
0	IRIS_313-74523-1	0
0	IRIS_313-74534-1	0
0	IRIS_313-74550-1	0
0	IRIS_313-74551-1	0
0	IRIS_313-74554-1	1
0	IRIS_313-74558-1	1
0	IRIS_313-77653-1	0
0	IRIS_313-77663-1	9
0	IRIS_313-82881-1	0
0	IRIS_313-66996-1	0
0	IRIS_313-82350-1	0
0	IRIS_313-71612-1	0
0	IRIS_313-1972-1	1
0	IRIS_313-71598-1	0
0	IRIS_313-18487-1	1
0	IRIS_313-60310-1	0
0	IRIS_313-78279-1	0
0	IRIS_313-55418-1	9
0	IRIS_313-60824-1	0
0	IRIS_313-1790-1	0
0	IRIS_313-34018-1	0
0	IRIS_313-40748-2	0
0	IRIS_313-6464-1	0
0	IRIS_313-1797-1	0
0	IRIS_313-48803-1	0
0	IRIS_313-40199-1	0
0	IRIS_313-66645-1	0
0	IRIS_313-71493-1	0
0	IRIS_313-18936-1	5
0	IRIS_313-66630-1	0
0	IRIS_313-60392-1	0
0	IRIS_313-47216-1	0
0	IRIS_313-77876-1	0
0	IRIS_313-50384-1	9
0	IRIS_313-23710-1	0
0	IRIS_313-62156-1	0
0	IRIS_313-56735-1	9
0	IRIS_313-69857-1	0
0	IRIS_313-32627-C1	0
0	IRIS_313-11356-C1	0
0	IRIS_313-26971-C1	0
0	IRIS_313-30411-C1	0
0	IRIS_313-22710-C1	0
0	IRIS_313-39317-C1	1
0	IRIS_313-77982-C1	0
0	IRIS_313-78072-C1	0
0	IRIS_313-48698-C1	9
0	IRIS_313-13373-C1	0
0	IRIS_313-43390-C1	9
0	IRIS_313-50517-1	0
0	IRIS_313-50633-1	0
0	IRIS_313-50674-1	9
0	IRIS_313-50707-1	0
0	IRIS_313-50764-1	0
0	IRIS_313-50873-1	0
0	IRIS_313-50880-1	0
0	IRIS_313-51102-1	0
0	IRIS_313-51116-1	0
0	IRIS_313-51145-1	0
0	IRIS_313-51247-1	1
0	IRIS_313-51749-2	0
0	IRIS_313-51756-1	0
0	IRIS_313-51854-1	0
0	IRIS_313-52009-1	0
0	IRIS_313-52046-1	0
0	IRIS_313-52067-1	0
0	IRIS_313-52168-1	9
0	IRIS_313-52324-1	1
0	IRIS_313-52343-1	0
0	IRIS_313-52402-1	0
0	IRIS_313-52410-1	0
0	IRIS_313-52415-1	0
0	IRIS_313-52456-1	0
0	IRIS_313-52664-1	1
0	IRIS_313-52760-1	0
0	IRIS_313-52805-1	0
0	IRIS_313-52833-1	0
0	IRIS_313-52855-1	0
0	IRIS_313-52887-1	1
0	IRIS_313-52893-1	0
0	IRIS_313-52927-1	0
0	IRIS_313-53109-1	0
0	IRIS_313-53131-1	9
0	IRIS_313-53146-1	9
0	IRIS_313-53271-1	0
0	IRIS_313-53278-1	0
0	IRIS_313-53300-1	0
0	IRIS_313-53339-1	0
0	IRIS_313-53418-1	0
0	IRIS_313-53479-1	0
0	IRIS_313-53483-1	9
0	IRIS_313-53484-1	0
0	IRIS_313-53529-3	9
0	IRIS_313-53670-1	0
0	IRIS_313-53799-1	0
0	IRIS_313-53889-1	0
0	IRIS_313-53930-1	7
0	IRIS_313-53942-1	0
0	IRIS_313-53973-1	0
0	IRIS_313-54140-1	0
0	IRIS_313-54158-1	9
0	IRIS_313-54252-2	9
0	IRIS_313-54266-1	9
0	IRIS_313-54295-1	9
0	IRIS_313-54356-1	0
0	IRIS_313-55017-1	0
0	IRIS_313-55043-1	0
0	IRIS_313-55221-1	0
0	IRIS_313-55263-1	0
0	IRIS_313-50503-1	0
0	IRIS_313-55265-1	0
0	IRIS_313-55305-1	1
0	IRIS_313-55404-1	0
0	IRIS_313-55422-1	1
0	IRIS_313-55825-1	0
0	IRIS_313-56159-1	0
0	IRIS_313-56264-1	0
0	IRIS_313-56663-1	0
0	IRIS_313-56726-1	0
0	IRIS_313-56767-1	0
0	IRIS_313-56856-1	0
0	IRIS_313-56914-1	0
0	IRIS_313-57046-1	0
0	IRIS_313-57070-1	0
0	IRIS_313-57377-1	0
0	IRIS_313-57536-1	1
0	IRIS_313-57599-1	0
0	IRIS_313-57600-1	0
0	IRIS_313-57602-1	0
0	IRIS_313-57686-1	0
0	IRIS_313-57907-1	0
0	IRIS_313-55927-1	0
0	IRIS_313-57966-1	7
0	IRIS_313-58072-1	0
0	IRIS_313-58120-1	7
0	IRIS_313-58146-1	0
0	IRIS_313-58222-1	1
0	IRIS_313-58226-1	0
0	IRIS_313-55946-1	0
0	IRIS_313-58609-1	0
0	IRIS_313-58656-1	0
0	IRIS_313-58682-1	0
0	IRIS_313-58736-1	0
0	IRIS_313-58824-1	0
0	IRIS_313-58876-1	1
0	IRIS_313-55952-1	1
0	IRIS_313-58917-1	0
0	IRIS_313-59005-1	1
0	IRIS_313-59099-1	0
0	IRIS_313-59136-1	1
0	IRIS_313-59205-1	1
0	IRIS_313-59225-1	0
0	IRIS_313-59321-1	0
0	IRIS_313-59408-1	0
0	IRIS_313-59414-1	0
0	IRIS_313-59563-1	5
0	IRIS_313-59595-1	0
0	IRIS_313-59638-1	9
0	IRIS_313-59688-1	0
0	IRIS_313-59730-1	0
0	IRIS_313-59762-1	0
0	IRIS_313-59870-1	0
0	IRIS_313-59912-1	0
0	IRIS_313-59948-1	0
0	IRIS_313-60088-1	0
0	IRIS_313-60116-1	0
0	IRIS_313-60177-2	0
0	IRIS_313-60188-1	0
0	IRIS_313-60427-1	1
0	IRIS_313-60647-1	0
0	IRIS_313-60878-1	0
0	IRIS_313-60893-1	0
0	IRIS_313-60895-1	0
0	IRIS_313-60944-1	0
0	IRIS_313-60960-1	0
0	IRIS_313-60982-1	0
0	IRIS_313-56126-1	0
0	IRIS_313-61004-1	0
0	IRIS_313-61030-1	5
0	IRIS_313-61059-1	0
0	IRIS_313-61085-1	0
0	IRIS_313-61503-1	0
0	IRIS_313-61505-1	0
0	IRIS_313-61525-1	1
0	IRIS_313-61615-1	0
0	IRIS_313-61641-1	1
0	IRIS_313-61689-1	0
0	IRIS_313-61897-1	0
0	IRIS_313-61105-1	0
0	IRIS_313-61930-1	0
0	IRIS_313-61955-1	0
0	IRIS_313-61966-1	0
0	IRIS_313-61979-1	0
0	IRIS_313-61991-1	0
0	IRIS_313-62025-1	0
0	IRIS_313-62043-1	0
0	IRIS_313-61260-1	7
0	IRIS_313-62135-1	0
0	IRIS_313-62216-1	1
0	IRIS_313-62247-1	0
0	IRIS_313-62257-1	0
0	IRIS_313-62290-1	0
0	IRIS_313-62299-1	0
0	IRIS_313-62373-1	1
0	IRIS_313-62377-1	1
0	IRIS_313-62466-1	0
0	IRIS_313-61283-1	0
0	IRIS_313-62478-1	0
0	IRIS_313-62483-1	0
0	IRIS_313-62502-1	0
0	IRIS_313-62518-1	0
0	IRIS_313-62568-1	0
0	IRIS_313-62683-1	0
0	IRIS_313-62693-1	0
0	IRIS_313-62750-1	0
0	IRIS_313-62827-1	0
0	IRIS_313-63019-1	0
0	IRIS_313-63099-1	0
0	IRIS_313-63214-1	0
0	IRIS_313-63350-1	0
0	IRIS_313-63433-1	0
0	IRIS_313-63450-1	1
0	IRIS_313-63464-1	0
0	IRIS_313-63511-1	0
0	IRIS_313-63576-1	0
0	IRIS_313-61359-1	0
0	IRIS_313-63670-1	0
0	IRIS_313-63705-1	0
0	IRIS_313-63730-1	0
0	IRIS_313-63820-1	0
0	IRIS_313-63882-1	0
0	IRIS_313-64106-1	0
0	IRIS_313-64138-1	0
0	IRIS_313-64174-1	0
0	IRIS_313-64221-1	0
0	IRIS_313-64291-1	0
0	IRIS_313-64293-1	0
0	IRIS_313-64297-1	0
0	IRIS_313-64316-1	0
0	IRIS_313-64366-2	0
0	IRIS_313-64502-1	0
0	IRIS_313-64563-1	0
0	IRIS_313-64568-1	0
0	IRIS_313-64595-1	0
0	IRIS_313-64609-2	0
0	IRIS_313-64629-1	0
0	IRIS_313-64858-1	0
0	IRIS_313-64906-1	0
0	IRIS_313-64928-1	0
0	IRIS_313-64974-1	0
0	IRIS_313-65002-1	0
0	IRIS_313-65018-1	0
0	IRIS_313-65074-1	1
0	IRIS_313-65371-1	0
0	IRIS_313-65972-1	0
0	IRIS_313-66014-1	0
0	IRIS_313-66019-2	0
0	IRIS_313-66154-1	0
0	IRIS_313-66269-1	0
0	IRIS_313-66288-1	0
0	IRIS_313-66327-1	0
0	IRIS_313-66478-1	0
0	IRIS_313-66565-1	0
0	IRIS_313-65548-1	0
0	IRIS_313-66699-1	0
0	IRIS_313-66704-1	0
0	IRIS_313-66801-1	0
0	IRIS_313-66916-1	0
0	IRIS_313-66931-1	0
0	IRIS_313-66982-1	1
0	IRIS_313-67132-1	0
0	IRIS_313-67177-1	0
0	IRIS_313-67211-1	0
0	IRIS_313-67231-1	0
0	IRIS_313-67255-1	0
0	IRIS_313-67273-1	0
0	IRIS_313-67281-1	0
0	IRIS_313-67309-1	0
0	IRIS_313-67335-1	0
0	IRIS_313-67382-1	0
0	IRIS_313-67486-1	0
0	IRIS_313-65680-1	0
0	IRIS_313-67527-1	0
0	IRIS_313-67594-1	1
0	IRIS_313-67604-1	0
0	IRIS_313-67630-1	0
0	IRIS_313-67718-1	0
0	IRIS_313-67830-1	0
0	IRIS_313-67871-1	0
0	IRIS_313-67878-1	0
0	IRIS_313-67981-1	0
0	IRIS_313-68004-1	0
0	IRIS_313-68053-1	0
0	IRIS_313-68109-1	0
0	IRIS_313-68121-1	0
0	IRIS_313-68193-1	0
0	IRIS_313-68268-1	0
0	IRIS_313-68330-1	0
0	IRIS_313-68342-1	0
0	IRIS_313-68370-1	0
0	IRIS_313-68382-1	0
0	IRIS_313-65771-1	0
0	IRIS_313-68552-1	0
0	IRIS_313-68709-1	1
0	IRIS_313-68864-1	0
0	IRIS_313-68947-1	0
0	IRIS_313-68981-1	0
0	IRIS_313-69001-1	0
0	IRIS_313-69074-1	1
0	IRIS_313-69101-1	0
0	IRIS_313-65808-1	0
0	IRIS_313-69464-1	1
0	IRIS_313-65932-1	0
0	IRIS_313-69695-1	0
0	IRIS_313-69698-1	0
0	IRIS_313-69717-1	0
0	IRIS_313-69720-1	1
0	IRIS_313-69730-1	0
0	IRIS_313-69737-1	0
0	IRIS_313-69749-1	0
0	IRIS_313-69793-1	0
0	IRIS_313-65948-1	0
0	IRIS_313-69816-1	1
0	IRIS_313-69875-1	0
0	IRIS_313-69897-1	5
0	IRIS_313-69908-1	0
0	IRIS_313-69947-1	0
0	IRIS_313-70245-1	0
0	IRIS_313-70305-1	0
0	IRIS_313-70335-1	0
0	IRIS_313-70371-1	0
0	IRIS_313-70416-1	0
0	IRIS_313-70475-1	0
0	IRIS_313-70504-1	1
0	IRIS_313-70531-1	0
0	IRIS_313-70612-1	0
0	IRIS_313-70647-1	1
0	IRIS_313-69958-1	0
0	IRIS_313-70648-1	0
0	IRIS_313-70650-1	1
0	IRIS_313-70707-2	0
0	IRIS_313-70722-1	0
0	IRIS_313-70730-1	0
0	IRIS_313-70745-1	0
0	IRIS_313-70746-2	1
0	IRIS_313-70753-1	1
0	IRIS_313-70762-2	0
0	IRIS_313-70763-1	0
0	IRIS_313-70786-1	0
0	IRIS_313-70802-3	0
0	IRIS_313-70803-1	0
0	IRIS_313-70811-1	1
0	IRIS_313-70836-3	1
0	IRIS_313-70840-1	0
0	IRIS_313-70850-1	0
0	IRIS_313-70854-1	1
0	IRIS_313-70928-1	0
0	IRIS_313-70961-1	0
0	IRIS_313-70075-1	0
0	IRIS_313-71007-1	0
0	IRIS_313-71058-1	0
0	IRIS_313-71088-1	0
0	IRIS_313-71138-1	0
0	IRIS_313-71208-1	0
0	IRIS_313-71220-1	0
0	IRIS_313-71288-1	0
0	IRIS_313-71318-1	0
0	IRIS_313-71352-1	0
0	IRIS_313-70083-1	0
0	IRIS_313-71353-1	0
0	IRIS_313-71380-1	0
0	IRIS_313-71405-1	0
0	IRIS_313-71442-2	0
0	IRIS_313-71655-1	1
0	IRIS_313-70127-1	0
0	IRIS_313-71842-1	0
0	IRIS_313-71940-1	0
0	IRIS_313-71971-1	0
0	IRIS_313-71988-1	0
0	IRIS_313-72006-1	0
0	IRIS_313-72009-1	0
0	IRIS_313-72016-1	0
0	IRIS_313-72029-1	0
0	IRIS_313-72037-1	0
0	IRIS_313-72078-1	0
0	IRIS_313-70192-1	0
0	IRIS_313-72090-1	0
0	IRIS_313-72092-1	0
0	IRIS_313-72098-1	0
0	IRIS_313-72148-1	0
0	IRIS_313-72152-1	0
0	IRIS_313-72183-1	0
0	IRIS_313-72198-1	0
0	IRIS_313-72220-1	0
0	IRIS_313-72236-2	0
0	IRIS_313-70201-1	0
0	IRIS_313-72289-1	0
0	IRIS_313-72321-1	0
0	IRIS_313-72505-1	0
0	IRIS_313-72567-1	0
0	IRIS_313-72576-1	0
0	IRIS_313-72588-1	0
0	IRIS_313-70243-1	0
0	IRIS_313-72758-1	0
0	IRIS_313-72776-1	0
0	IRIS_313-72837-1	0
0	IRIS_313-72886-1	0
0	IRIS_313-73216-1	0
0	IRIS_313-73239-1	0
0	IRIS_313-73246-1	0
0	IRIS_313-73317-1	0
0	IRIS_313-73517-1	0
0	IRIS_313-73562-1	0
0	IRIS_313-73620-1	0
0	IRIS_313-73667-1	0
0	IRIS_313-73716-1	0
0	IRIS_313-72992-1	1
0	IRIS_313-73762-1	0
0	IRIS_313-73778-1	0
0	IRIS_313-73862-1	1
0	IRIS_313-73874-1	0
0	IRIS_313-73962-1	0
0	IRIS_313-74031-1	0
0	IRIS_313-74266-1	0
0	IRIS_313-74272-1	0
0	IRIS_313-74305-1	0
0	IRIS_313-74318-1	0
0	IRIS_313-72997-1	0
0	IRIS_313-74677-1	1
0	IRIS_313-74706-1	5
0	IRIS_313-74734-1	1
0	IRIS_313-74738-1	0
0	IRIS_313-74760-1	0
0	IRIS_313-74883-1	0
0	IRIS_313-74981-1	0
0	IRIS_313-74985-1	0
0	IRIS_313-73104-1	0
0	IRIS_313-75069-1	0
0	IRIS_313-75165-1	0
0	IRIS_313-75191-1	0
0	IRIS_313-75209-1	0
0	IRIS_313-75213-1	0
0	IRIS_313-75235-1	0
0	IRIS_313-75247-1	0
0	IRIS_313-73109-1	9
0	IRIS_313-75306-2	0
0	IRIS_313-75350-1	0
0	IRIS_313-75448-1	0
0	IRIS_313-75751-1	1
0	IRIS_313-75927-1	0
0	IRIS_313-73147-1	0
0	IRIS_313-76028-1	0
0	IRIS_313-76237-1	0
0	IRIS_313-76262-1	5
0	IRIS_313-76478-1	0
0	IRIS_313-76582-1	0
0	IRIS_313-76661-1	0
0	IRIS_313-76687-1	0
0	IRIS_313-76691-1	0
0	IRIS_313-76722-1	0
0	IRIS_313-76732-1	0
0	IRIS_313-76803-1	0
0	IRIS_313-76834-1	0
0	IRIS_313-76901-1	1
0	IRIS_313-76929-1	0
0	IRIS_313-76959-1	0
0	IRIS_313-76965-3	0
0	IRIS_313-76983-1	0
0	IRIS_313-77071-1	0
0	IRIS_313-77128-1	5
0	IRIS_313-73171-3	0
0	IRIS_313-77306-1	0
0	IRIS_313-77341-1	0
0	IRIS_313-77381-1	0
0	IRIS_313-77400-1	0
0	IRIS_313-77422-1	0
0	IRIS_313-77522-3	7
0	IRIS_313-77554-1	9
0	IRIS_313-77601-1	0
0	IRIS_313-77669-1	9
0	IRIS_313-77718-1	0
0	IRIS_313-73201-1	0
0	IRIS_313-77810-1	0
0	IRIS_313-77811-1	0
0	IRIS_313-77867-1	0
0	IRIS_313-77992-1	0
0	IRIS_313-78061-1	1
0	IRIS_313-78677-1	0
0	IRIS_313-78724-1	0
0	IRIS_313-78750-1	0
0	IRIS_313-78776-1	0
0	IRIS_313-78799-1	0
0	IRIS_313-78917-1	5
0	IRIS_313-78968-1	7
0	IRIS_313-78995-1	0
0	IRIS_313-79058-1	9
0	IRIS_313-79108-1	0
0	IRIS_313-78182-1	0
0	IRIS_313-79159-1	0
0	IRIS_313-79194-1	0
0	IRIS_313-79258-1	0
0	IRIS_313-79342-1	7
0	IRIS_313-79404-1	0
0	IRIS_313-79467-1	5
0	IRIS_313-79480-1	0
0	IRIS_313-79507-1	0
0	IRIS_313-79654-1	0
0	IRIS_313-78209-1	0
0	IRIS_313-79701-1	0
0	IRIS_313-79740-1	0
0	IRIS_313-79749-1	0
0	IRIS_313-79756-1	0
0	IRIS_313-79785-1	0
0	IRIS_313-79842-1	0
0	IRIS_313-79882-1	0
0	IRIS_313-79898-3	0
0	IRIS_313-79964-1	0
0	IRIS_313-78397-1	0
0	IRIS_313-79983-1	0
0	IRIS_313-80025-1	0
0	IRIS_313-80142-1	0
0	IRIS_313-80233-1	0
0	IRIS_313-78454-1	0
0	IRIS_313-80266-2	0
0	IRIS_313-80273-1	0
0	IRIS_313-80313-1	0
0	IRIS_313-80410-1	0
0	IRIS_313-80920-1	1
0	IRIS_313-81223-1	0
0	IRIS_313-81278-1	0
0	IRIS_313-81314-1	0
0	IRIS_313-78460-1	1
0	IRIS_313-81315-1	0
0	IRIS_313-81328-1	0
0	IRIS_313-81352-1	0
0	IRIS_313-81357-1	0
0	IRIS_313-81375-1	0
0	IRIS_313-81386-2	0
0	IRIS_313-81440-1	1
0	IRIS_313-81477-1	0
0	IRIS_313-81486-1	0
0	IRIS_313-81487-1	0
0	IRIS_313-78550-1	0
0	IRIS_313-81615-2	0
0	IRIS_313-81656-1	0
0	IRIS_313-81758-1	0
0	IRIS_313-81783-1	0
0	IRIS_313-82049-1	0
0	IRIS_313-82168-1	0
0	IRIS_313-82255-1	1
0	IRIS_313-82308-1	0
0	IRIS_313-78551-1	0
0	IRIS_313-82398-1	0
0	IRIS_313-82399-1	0
0	IRIS_313-82402-1	0
0	IRIS_313-82533-1	0
0	IRIS_313-82591-1	0
0	IRIS_313-82628-1	0
0	IRIS_313-82643-1	0
0	IRIS_313-82674-2	1
0	IRIS_313-78628-1	0
0	IRIS_313-82676-1	1
0	IRIS_313-82688-1	0
0	IRIS_313-82728-1	0
0	IRIS_313-82773-3	1
0	IRIS_313-82788-1	0
0	IRIS_313-83137-1	0
0	IRIS_313-83154-1	0
0	IRIS_313-82819-1	1
0	IRIS_313-83792-1	0
0	IRIS_313-83865-1	0
0	IRIS_313-83894-1	0
0	IRIS_313-83897-3	1
0	IRIS_313-83951-1	0
0	IRIS_313-83966-1	1
0	IRIS_313-84215-1	1
0	IRIS_313-84347-2	0
0	IRIS_313-82842-1	1
0	IRIS_313-84756-1	0
0	IRIS_313-84920-1	0
0	IRIS_313-82855-1	0
0	IRIS_313-85524-1	0
0	IRIS_313-85751-1	0
0	IRIS_313-85857-1	0
0	IRIS_313-85972-1	0
0	IRIS_313-86000-1	1
0	IRIS_313-82891-1	1
0	IRIS_313-86373-1	0
0	IRIS_313-86377-3	0
0	IRIS_313-86436-1	0
0	IRIS_313-86912-1	0
0	IRIS_313-86940-1	0
0	IRIS_313-86973-1	1
0	IRIS_313-83002-1	0
0	IRIS_313-87030-1	0
0	IRIS_313-87073-1	0
0	IRIS_313-87131-1	1
0	IRIS_313-87189-1	0
0	IRIS_313-87196-1	0
0	IRIS_313-87205-1	0
0	IRIS_313-87380-1	0
0	IRIS_313-83029-1	1
0	IRIS_313-87428-1	1
0	IRIS_313-87751-1	1
0	IRIS_313-83068-1	0
0	IRIS_313-87778-1	0
0	IRIS_313-88545-1	0
0	IRIS_313-88628-1	0
0	IRIS_313-88654-1	0
0	IRIS_313-89308-1	0
0	IRIS_313-89352-1	0
0	IRIS_313-89387-1	0
0	IRIS_313-89430-1	0
0	IRIS_313-89460-1	1
0	IRIS_313-89648-1	0
0	IRIS_313-89748-1	0
0	IRIS_313-90000-1	0
0	IRIS_313-90457-1	0
0	IRIS_313-90600-1	0
0	IRIS_313-90845-1	1
0	IRIS_313-90968-1	1
0	IRIS_313-91220-1	0
0	IRIS_313-91525-1	1
0	IRIS_313-91956-1	0
0	IRIS_313-91983-1	0
0	IRIS_313-91987-1	0
0	IRIS_313-92200-1	0
0	IRIS_313-92221-1	0
0	IRIS_313-92253-1	0
0	IRIS_313-92291-2	0
0	IRIS_313-93355-1	0
0	IRIS_313-93363-1	1
0	IRIS_313-93444-1	0
0	IRIS_313-93479-1	1
0	IRIS_313-93615-1	7
0	IRIS_313-93633-1	0
0	IRIS_313-93892-1	0
0	IRIS_313-93937-1	1
0	IRIS_313-94037-1	0
0	IRIS_313-94084-2	0
0	IRIS_313-94176-1	0
0	IRIS_313-94341-1	1
0	IRIS_313-94474-1	0
0	IRIS_313-94565-1	0
0	IRIS_313-94991-1	0
0	IRIS_313-95117-1	0
0	IRIS_313-95147-1	0
0	IRIS_313-95957-1	0
0	IRIS_313-96053-1	1
0	IRIS_313-96077-1	1
0	IRIS_313-96098-1	0
0	IRIS_313-96124-1	0
0	IRIS_313-96974-1	1
0	IRIS_313-97027-1	0
0	IRIS_313-95176-2	0
0	IRIS_313-97122-3	0
0	IRIS_313-97124-1	0
0	IRIS_313-97193-1	0
0	IRIS_313-97219-1	0
0	IRIS_313-97235-1	0
0	IRIS_313-97308-2	0
0	IRIS_313-97366-1	0
0	IRIS_313-97468-2	0
0	IRIS_313-97487-1	0
0	IRIS_313-95276-1	0
0	IRIS_313-97530-1	0
0	IRIS_313-97567-1	0
0	IRIS_313-97633-1	0
0	IRIS_313-97701-2	0
0	IRIS_313-97789-1	0
0	IRIS_313-98136-1	0
0	IRIS_313-95302-1	0
0	IRIS_313-98382-1	0
0	IRIS_313-98486-1	0
0	IRIS_313-98526-1	0
0	IRIS_313-98528-1	0
0	IRIS_313-98715-1	0
0	IRIS_313-98779-1	0
0	IRIS_313-98968-1	0
0	IRIS_313-95601-1	0
0	IRIS_313-99020-1	0
0	IRIS_313-99050-1	0
0	IRIS_313-99161-1	0
0	IRIS_313-99176-1	0
0	IRIS_313-99305-3	0
0	IRIS_313-99639-1	0
0	IRIS_313-99789-1	0
0	IRIS_313-99831-1	0
0	IRIS_313-99953-1	0
0	IRIS_313-99970-1	0
0	IRIS_313-101346-1	0
0	IRIS_313-106666-1	0
0	IRIS_313-106767-1	0
0	IRIS_313-95626-1	0
0	IRIS_313-106907-1	0
0	IRIS_313-106977-1	0
0	IRIS_313-106990-1	0
0	IRIS_313-107021-1	0
0	IRIS_313-107091-1	0
0	IRIS_313-95823-2	0
0	IRIS_313-107099-1	0
0	IRIS_313-107117-1	0
0	IRIS_313-107359-1	0
0	IRIS_313-107375-2	0
0	IRIS_313-107468-1	0
0	IRIS_313-107490-1	0
0	IRIS_313-107599-1	0
0	IRIS_313-107709-1	0
0	IRIS_313-107712-1	0
0	IRIS_313-107770-3	0
0	IRIS_313-107773-1	0
0	IRIS_313-107804-1	0
0	IRIS_313-107818-1	0
0	IRIS_313-107819-1	1
0	IRIS_313-493-1	0
0	IRIS_313-589-2	0
0	IRIS_313-703-1	0
0	IRIS_313-14-1	0
0	IRIS_313-791-2	0
0	IRIS_313-968-1	0
0	IRIS_313-1069-1	0
0	IRIS_313-1106-1	0
0	IRIS_313-1175-1	0
0	IRIS_313-80-1	0
0	IRIS_313-1354-1	0
0	IRIS_313-1452-1	1
0	IRIS_313-242-1	0
0	IRIS_313-2609-1	0
0	IRIS_313-3474-1	0
0	IRIS_313-3506-1	0
0	IRIS_313-3630-2	0
0	IRIS_313-3758-1	0
0	IRIS_313-3762-1	0
0	IRIS_313-3909-1	0
0	IRIS_313-326-2	0
0	IRIS_313-4362-1	0
0	IRIS_313-4572-1	0
0	IRIS_313-4577-1	0
0	IRIS_313-4727-1	0
0	IRIS_313-4932-1	0
0	IRIS_313-5008-1	0
0	IRIS_313-5132-1	0
0	IRIS_313-5211-1	0
0	IRIS_313-5429-1	0
0	IRIS_313-5452-2	0
0	IRIS_313-5525-1	0
0	IRIS_313-5779-1	0
0	IRIS_313-5825-1	0
0	IRIS_313-5861-2	0
0	IRIS_313-5901-3	0
0	IRIS_313-5929-1	0
0	IRIS_313-6394-1	1
0	IRIS_313-6445-1	0
0	IRIS_313-6479-2	0
0	IRIS_313-6534-1	1
0	IRIS_313-5971-1	0
0	IRIS_313-6586-1	0
0	IRIS_313-6636-1	0
0	IRIS_313-6658-2	0
0	IRIS_313-6666-1	0
0	IRIS_313-6688-1	0
0	IRIS_313-6702-1	0
0	IRIS_313-6797-2	0
0	IRIS_313-6065-1	1
0	IRIS_313-6829-1	0
0	IRIS_313-6865-1	0
0	IRIS_313-6934-2	0
0	IRIS_313-7011-1	0
0	IRIS_313-7082-2	0
0	IRIS_313-7185-3	0
0	IRIS_313-7248-3	0
0	IRIS_313-7287-1	0
0	IRIS_313-6105-3	0
0	IRIS_313-7288-1	0
0	IRIS_313-7292-1	0
0	IRIS_313-7304-1	0
0	IRIS_313-7313-1	1
0	IRIS_313-7339-1	0
0	IRIS_313-7370-1	0
0	IRIS_313-7585-1	0
0	IRIS_313-7600-1	0
0	IRIS_313-7676-1	0
0	IRIS_313-7696-1	0
0	IRIS_313-6110-2	0
0	IRIS_313-7769-1	0
0	IRIS_313-7777-1	0
0	IRIS_313-7842-1	0
0	IRIS_313-7850-2	0
0	IRIS_313-7859-2	0
0	IRIS_313-7927-2	0
0	IRIS_313-7928-2	0
0	IRIS_313-8052-1	1
0	IRIS_313-6133-2	0
0	IRIS_313-8083-1	0
0	IRIS_313-8129-1	0
0	IRIS_313-8135-1	0
0	IRIS_313-8265-2	5
0	IRIS_313-8314-1	0
0	IRIS_313-8361-1	1
0	IRIS_313-6186-2	0
0	IRIS_313-8482-1	1
0	IRIS_313-8497-1	5
0	IRIS_313-8505-1	0
0	IRIS_313-8593-1	1
0	IRIS_313-8667-1	0
0	IRIS_313-6254-1	0
0	IRIS_313-8742-1	1
0	IRIS_313-8775-1	0
0	IRIS_313-8794-1	0
0	IRIS_313-8806-1	0
0	IRIS_313-8840-1	5
0	IRIS_313-8855-1	0
0	IRIS_313-8892-1	0
0	IRIS_313-8901-1	0
0	IRIS_313-8944-2	0
0	IRIS_313-9135-2	5
0	IRIS_313-9567-1	0
0	IRIS_313-10164-2	0
0	IRIS_313-10429-1	0
0	IRIS_313-10803-2	0
0	IRIS_313-10891-1	0
0	IRIS_313-11205-1	5
0	IRIS_313-11216-1	1
0	IRIS_313-11328-2	0
0	IRIS_313-11340-1	0
0	IRIS_313-11470-1	0
0	IRIS_313-11570-2	0
0	IRIS_313-11602-1	0
0	IRIS_313-9293-1	5
0	IRIS_313-11628-1	0
0	IRIS_313-11642-1	0
0	IRIS_313-11783-1	1
0	IRIS_313-11784-1	0
0	IRIS_313-11816-3	0
0	IRIS_313-11867-1	0
0	IRIS_313-11917-1	0
0	IRIS_313-11993-1	1
0	IRIS_313-12004-1	0
0	IRIS_313-9316-1	0
0	IRIS_313-12196-1	0
0	IRIS_313-12255-1	0
0	IRIS_313-12335-1	0
0	IRIS_313-12343-2	1
0	IRIS_313-12421-2	1
0	IRIS_313-12514-1	0
0	IRIS_313-9478-1	0
0	IRIS_313-12653-1	0
0	IRIS_313-12656-2	0
0	IRIS_313-12669-1	0
0	IRIS_313-12673-1	0
0	IRIS_313-12743-1	0
0	IRIS_313-12781-2	0
0	IRIS_313-12903-2	0
0	IRIS_313-12940-2	0
0	IRIS_313-12990-1	0
0	IRIS_313-12996-1	0
0	IRIS_313-9498-1	0
0	IRIS_313-13010-1	0
0	IRIS_313-13444-1	1
0	IRIS_313-13451-3	0
0	IRIS_313-13514-2	5
0	IRIS_313-13652-2	0
0	IRIS_313-13732-2	5
0	IRIS_313-13827-2	0
0	IRIS_313-13836-2	0
0	IRIS_313-13910-2	0
0	IRIS_313-13969-1	0
0	IRIS_313-14040-1	0
0	IRIS_313-14045-1	0
0	IRIS_313-14204-1	0
0	IRIS_313-14356-1	0
0	IRIS_313-14373-1	0
0	IRIS_313-14391-2	1
0	IRIS_313-14479-1	0
0	IRIS_313-14491-1	0
0	IRIS_313-15475-1	1
0	IRIS_313-15515-2	1
0	IRIS_313-15517-1	0
0	IRIS_313-15587-2	0
0	IRIS_313-15599-1	0
0	IRIS_313-15750-1	0
0	IRIS_313-15813-2	0
0	IRIS_313-15866-3	0
0	IRIS_313-15884-2	1
0	IRIS_313-15986-2	1
0	IRIS_313-14541-1	0
0	IRIS_313-16011-1	1
0	IRIS_313-16046-2	0
0	IRIS_313-16086-1	1
0	IRIS_313-16102-2	0
0	IRIS_313-16116-1	0
0	IRIS_313-16138-2	1
0	IRIS_313-16160-1	1
0	IRIS_313-16173-1	0
0	IRIS_313-16185-1	1
0	IRIS_313-16273-2	0
0	IRIS_313-14795-2	5
0	IRIS_313-16286-1	1
0	IRIS_313-16339-1	5
0	IRIS_313-16418-1	5
0	IRIS_313-16467-1	5
0	IRIS_313-16468-1	5
0	IRIS_313-16503-1	0
0	IRIS_313-16565-1	1
0	IRIS_313-16570-1	1
0	IRIS_313-16571-1	0
0	IRIS_313-16603-1	1
0	IRIS_313-14860-2	0
0	IRIS_313-16718-1	0
0	IRIS_313-16731-2	0
0	IRIS_313-16781-3	0
0	IRIS_313-16840-1	0
0	IRIS_313-16898-1	0
0	IRIS_313-16901-2	0
0	IRIS_313-16948-2	0
0	IRIS_313-17005-2	0
0	IRIS_313-17038-1	0
0	IRIS_313-15155-1	0
0	IRIS_313-17129-1	0
0	IRIS_313-17142-1	0
0	IRIS_313-17153-2	5
0	IRIS_313-17174-1	0
0	IRIS_313-17201-2	9
0	IRIS_313-17214-1	0
0	IRIS_313-17401-2	0
0	IRIS_313-17491-2	5
0	IRIS_313-17569-2	0
0	IRIS_313-17586-1	0
0	IRIS_313-17593-2	7
0	IRIS_313-17666-2	0
0	IRIS_313-17669-1	0
0	IRIS_313-17728-1	5
0	IRIS_313-17733-1	0
0	IRIS_313-17748-2	0
0	IRIS_313-17775-2	0
0	IRIS_313-17785-1	0
0	IRIS_313-17822-2	0
0	IRIS_313-17897-1	5
0	IRIS_313-17916-1	1
0	IRIS_313-17925-2	0
0	IRIS_313-17929-1	0
0	IRIS_313-17954-2	5
0	IRIS_313-17963-1	5
0	IRIS_313-17980-1	5
0	IRIS_313-15348-1	0
0	IRIS_313-18053-1	0
0	IRIS_313-18116-3	5
0	IRIS_313-18119-1	1
0	IRIS_313-18131-1	1
0	IRIS_313-18187-1	0
0	IRIS_313-18220-1	0
0	IRIS_313-18238-2	0
0	IRIS_313-18245-1	0
0	IRIS_313-18278-1	0
0	IRIS_313-18282-1	0
0	IRIS_313-15428-1	0
0	IRIS_313-18320-2	0
0	IRIS_313-18328-2	0
0	IRIS_313-18418-1	5
0	IRIS_313-18426-2	5
0	IRIS_313-18456-2	5
0	IRIS_313-18724-3	1
0	IRIS_313-18761-2	0
0	IRIS_313-18789-3	0
0	IRIS_313-18800-2	0
0	IRIS_313-18816-2	1
0	IRIS_313-18826-2	5
0	IRIS_313-18829-2	0
0	IRIS_313-18900-3	5
0	IRIS_313-19055-2	0
0	IRIS_313-19103-1	0
0	IRIS_313-18484-1	5
0	IRIS_313-19116-2	0
0	IRIS_313-19141-1	0
0	IRIS_313-19176-2	0
0	IRIS_313-19182-1	0
0	IRIS_313-19282-2	1
0	IRIS_313-19343-2	0
0	IRIS_313-19391-1	0
0	IRIS_313-19412-1	1
0	IRIS_313-19415-1	0
0	IRIS_313-18494-1	1
0	IRIS_313-19418-1	0
0	IRIS_313-19456-1	0
0	IRIS_313-19560-1	0
0	IRIS_313-19573-1	0
0	IRIS_313-19581-1	0
0	IRIS_313-19588-1	0
0	IRIS_313-19698-2	5
0	IRIS_313-19867-2	1
0	IRIS_313-19875-2	5
0	IRIS_313-18512-3	0
0	IRIS_313-19888-1	5
0	IRIS_313-19961-2	0
0	IRIS_313-20000-2	1
0	IRIS_313-20162-2	0
0	IRIS_313-20220-2	1
0	IRIS_313-20314-2	0
0	IRIS_313-20370-1	0
0	IRIS_313-20436-1	0
0	IRIS_313-18519-1	0
0	IRIS_313-20570-2	0
0	IRIS_313-20585-1	1
0	IRIS_313-20606-1	0
0	IRIS_313-20656-2	1
0	IRIS_313-20744-1	0
0	IRIS_313-20754-2	0
0	IRIS_313-20981-1	5
0	IRIS_313-21082-1	0
0	IRIS_313-21122-1	1
0	IRIS_313-21150-2	0
0	IRIS_313-18558-3	1
0	IRIS_313-21278-1	0
0	IRIS_313-21283-1	1
0	IRIS_313-21315-2	0
0	IRIS_313-21329-1	0
0	IRIS_313-21380-2	0
0	IRIS_313-21418-1	0
0	IRIS_313-21463-1	0
0	IRIS_313-21487-2	0
0	IRIS_313-21614-1	0
0	IRIS_313-18595-1	0
0	IRIS_313-21630-1	0
0	IRIS_313-21639-1	0
0	IRIS_313-21662-2	0
0	IRIS_313-21677-1	0
0	IRIS_313-21768-2	1
0	IRIS_313-21837-1	0
0	IRIS_313-21881-1	0
0	IRIS_313-21888-1	0
0	IRIS_313-21907-1	0
0	IRIS_313-21929-1	0
0	IRIS_313-18608-2	0
0	IRIS_313-21965-2	1
0	IRIS_313-22044-1	0
0	IRIS_313-22064-1	0
0	IRIS_313-22095-1	0
0	IRIS_313-22098-1	0
0	IRIS_313-22148-2	0
0	IRIS_313-22226-2	0
0	IRIS_313-22257-1	0
0	IRIS_313-22288-2	0
0	IRIS_313-22291-1	0
0	IRIS_313-18678-2	5
0	IRIS_313-22395-1	0
0	IRIS_313-22401-1	1
0	IRIS_313-22450-1	0
0	IRIS_313-22514-1	0
0	IRIS_313-22558-1	0
0	IRIS_313-22915-3	0
0	IRIS_313-22981-2	0
0	IRIS_313-22986-1	0
0	IRIS_313-23006-1	1
0	IRIS_313-23011-2	0
0	IRIS_313-23016-2	0
0	IRIS_313-23071-3	0
0	IRIS_313-23084-1	0
0	IRIS_313-23109-2	1
0	IRIS_313-22608-1	0
0	IRIS_313-23143-1	1
0	IRIS_313-23169-2	0
0	IRIS_313-23318-1	0
0	IRIS_313-23342-3	1
0	IRIS_313-23359-1	0
0	IRIS_313-23360-1	0
0	IRIS_313-23518-2	0
0	IRIS_313-23702-2	0
0	IRIS_313-22622-2	0
0	IRIS_313-23706-1	0
0	IRIS_313-23796-1	0
0	IRIS_313-23928-1	0
0	IRIS_313-24014-1	0
0	IRIS_313-24054-1	5
0	IRIS_313-24094-1	1
0	IRIS_313-24135-2	1
0	IRIS_313-24139-1	0
0	IRIS_313-24156-1	5
0	IRIS_313-24168-2	1
0	IRIS_313-22691-1	0
0	IRIS_313-24252-2	0
0	IRIS_313-24452-2	0
0	IRIS_313-24541-1	0
0	IRIS_313-24568-1	0
0	IRIS_313-24624-3	0
0	IRIS_313-24642-2	0
0	IRIS_313-24681-1	0
0	IRIS_313-24687-1	0
0	IRIS_313-24697-2	0
0	IRIS_313-22716-2	0
0	IRIS_313-24757-2	0
0	IRIS_313-24824-2	0
0	IRIS_313-24884-1	0
0	IRIS_313-25019-1	5
0	IRIS_313-25035-1	1
0	IRIS_313-25074-2	0
0	IRIS_313-25154-1	0
0	IRIS_313-25171-1	5
0	IRIS_313-25413-2	0
0	IRIS_313-25442-1	0
0	IRIS_313-22819-2	0
0	IRIS_313-25469-1	0
0	IRIS_313-25493-1	0
0	IRIS_313-25532-1	0
0	IRIS_313-25636-2	0
0	IRIS_313-25640-1	1
0	IRIS_313-25648-1	1
0	IRIS_313-25798-1	0
0	IRIS_313-25812-1	0
0	IRIS_313-25821-2	0
0	IRIS_313-25823-2	1
0	IRIS_313-22841-2	0
0	IRIS_313-25880-1	1
0	IRIS_313-25919-1	1
0	IRIS_313-25927-1	0
0	IRIS_313-26055-1	0
0	IRIS_313-26058-1	1
0	IRIS_313-26067-1	0
0	IRIS_313-26070-1	0
0	IRIS_313-26243-1	0
0	IRIS_313-26290-2	0
0	IRIS_313-26335-2	0
0	IRIS_313-22856-2	0
0	IRIS_313-26367-2	0
0	IRIS_313-26373-2	1
0	IRIS_313-26384-2	0
0	IRIS_313-26390-2	0
0	IRIS_313-26399-2	0
0	IRIS_313-26411-1	0
0	IRIS_313-26439-1	5
0	IRIS_313-26458-1	5
0	IRIS_313-26478-1	5
0	IRIS_313-26504-2	0
0	IRIS_313-22876-2	0
0	IRIS_313-26578-2	0
0	IRIS_313-26609-2	0
0	IRIS_313-26624-2	0
0	IRIS_313-26638-2	0
0	IRIS_313-26802-2	1
0	IRIS_313-27074-1	0
0	IRIS_313-27107-1	0
0	IRIS_313-27154-1	0
0	IRIS_313-27164-1	1
0	IRIS_313-27170-1	0
0	IRIS_313-27222-1	5
0	IRIS_313-27254-1	5
0	IRIS_313-27297-1	5
0	IRIS_313-27380-2	5
0	IRIS_313-26847-2	0
0	IRIS_313-27386-1	0
0	IRIS_313-27397-2	0
0	IRIS_313-27400-2	5
0	IRIS_313-27403-1	0
0	IRIS_313-27426-1	0
0	IRIS_313-27470-1	1
0	IRIS_313-27478-1	0
0	IRIS_313-27536-1	1
0	IRIS_313-27540-1	1
0	IRIS_313-27547-2	0
0	IRIS_313-26850-2	0
0	IRIS_313-27555-1	0
0	IRIS_313-27567-1	0
0	IRIS_313-27568-1	0
0	IRIS_313-27577-1	0
0	IRIS_313-27776-1	5
0	IRIS_313-27779-1	1
0	IRIS_313-27791-3	1
0	IRIS_313-27797-1	1
0	IRIS_313-27845-1	5
0	IRIS_313-27926-2	7
0	IRIS_313-26871-1	0
0	IRIS_313-27936-2	5
0	IRIS_313-27976-1	7
0	IRIS_313-28036-1	0
0	IRIS_313-28073-1	0
0	IRIS_313-28076-1	0
0	IRIS_313-28079-1	0
0	IRIS_313-28084-1	7
0	IRIS_313-28181-1	0
0	IRIS_313-28215-1	5
0	IRIS_313-28327-1	0
0	IRIS_313-26876-1	0
0	IRIS_313-28371-2	0
0	IRIS_313-28458-1	1
0	IRIS_313-28461-2	0
0	IRIS_313-28480-2	0
0	IRIS_313-28597-2	0
0	IRIS_313-28611-1	0
0	IRIS_313-28618-1	0
0	IRIS_313-28666-1	0
0	IRIS_313-28683-2	0
0	IRIS_313-28694-2	0
0	IRIS_313-26887-1	0
0	IRIS_313-28715-1	0
0	IRIS_313-28947-2	0
0	IRIS_313-29004-1	0
0	IRIS_313-29031-1	0
0	IRIS_313-29036-1	0
0	IRIS_313-29040-1	1
0	IRIS_313-29068-1	0
0	IRIS_313-29072-1	0
0	IRIS_313-29083-1	5
0	IRIS_313-29087-1	0
0	IRIS_313-26936-2	5
0	IRIS_313-29089-1	5
0	IRIS_313-29096-1	5
0	IRIS_313-29116-1	0
0	IRIS_313-29131-1	0
0	IRIS_313-29146-2	0
0	IRIS_313-29230-1	0
0	IRIS_313-29260-1	0
0	IRIS_313-29283-3	5
0	IRIS_313-29294-2	1
0	IRIS_313-29297-2	5
0	IRIS_313-26942-3	0
0	IRIS_313-29333-1	0
0	IRIS_313-29367-1	5
0	IRIS_313-29377-1	5
0	IRIS_313-29416-2	5
0	IRIS_313-29432-1	1
0	IRIS_313-29450-2	1
0	IRIS_313-29451-2	1
0	IRIS_313-29481-3	0
0	IRIS_313-29533-1	0
0	IRIS_313-29546-2	0
0	IRIS_313-26988-2	0
0	IRIS_313-29604-2	0
0	IRIS_313-29608-2	0
0	IRIS_313-29636-2	1
0	IRIS_313-29652-2	0
0	IRIS_313-29660-1	0
0	IRIS_313-29904-1	0
0	IRIS_313-29969-2	0
0	IRIS_313-30051-1	0
0	IRIS_313-30063-1	0
0	IRIS_313-30085-2	0
0	IRIS_313-30106-3	0
0	IRIS_313-30131-2	0
0	IRIS_313-30231-3	0
0	IRIS_313-30335-1	0
0	IRIS_313-30463-3	0
0	IRIS_313-29688-2	0
0	IRIS_313-30595-2	0
0	IRIS_313-30792-1	0
0	IRIS_313-30856-2	0
0	IRIS_313-30868-1	0
0	IRIS_313-30894-2	0
0	IRIS_313-30972-1	1
0	IRIS_313-30986-2	0
0	IRIS_313-31083-2	1
0	IRIS_313-31248-1	5
0	IRIS_313-31293-1	0
0	IRIS_313-29698-2	0
0	IRIS_313-31352-1	1
0	IRIS_313-31538-2	0
0	IRIS_313-31618-1	0
0	IRIS_313-31655-1	5
0	IRIS_313-31665-2	5
0	IRIS_313-31745-2	0
0	IRIS_313-31832-2	0
0	IRIS_313-31841-1	5
0	IRIS_313-31974-1	0
0	IRIS_313-32074-3	0
0	IRIS_313-29713-2	0
0	IRIS_313-32207-1	0
0	IRIS_313-32441-1	0
0	IRIS_313-32474-2	0
0	IRIS_313-32656-2	0
0	IRIS_313-32816-2	0
0	IRIS_313-32817-2	0
0	IRIS_313-32861-1	0
0	IRIS_313-32932-2	0
0	IRIS_313-32989-2	0
0	IRIS_313-33079-2	0
0	IRIS_313-29752-1	0
0	IRIS_313-33090-2	1
0	IRIS_313-33125-2	0
0	IRIS_313-33151-2	1
0	IRIS_313-33154-2	0
0	IRIS_313-33330-1	0
0	IRIS_313-33341-3	0
0	IRIS_313-33351-2	0
0	IRIS_313-33477-2	0
0	IRIS_313-33479-2	0
0	IRIS_313-33504-2	0
0	IRIS_313-29773-3	0
0	IRIS_313-33531-2	0
0	IRIS_313-33544-2	0
0	IRIS_313-33686-2	0
0	IRIS_313-33696-2	0
0	IRIS_313-33732-2	1
0	IRIS_313-33746-2	0
0	IRIS_313-33772-2	0
0	IRIS_313-33779-2	0
0	IRIS_313-33821-2	0
0	IRIS_313-33875-2	0
0	IRIS_313-29838-2	0
0	IRIS_313-33901-2	0
0	IRIS_313-33923-2	0
0	IRIS_313-33929-2	0
0	IRIS_313-33967-1	0
0	IRIS_313-34027-2	0
0	IRIS_313-34034-1	0
0	IRIS_313-34107-1	0
0	IRIS_313-34154-1	0
0	IRIS_313-34182-1	0
0	IRIS_313-34255-1	0
0	IRIS_313-29881-2	0
0	IRIS_313-34283-2	0
0	IRIS_313-34409-1	0
0	IRIS_313-34514-2	0
0	IRIS_313-34630-1	0
0	IRIS_313-34749-1	0
0	IRIS_313-34831-1	0
0	IRIS_313-34850-2	0
0	IRIS_313-34861-1	0
0	IRIS_313-34904-1	0
0	IRIS_313-34954-1	1
0	IRIS_313-29896-2	0
0	IRIS_313-34967-1	0
0	IRIS_313-35017-1	0
0	IRIS_313-35054-1	1
0	IRIS_313-35109-1	0
0	IRIS_313-35117-1	0
0	IRIS_313-35581-2	0
0	IRIS_313-35745-2	9
0	IRIS_313-36179-1	0
0	IRIS_313-36360-1	0
0	IRIS_313-35157-1	0
0	IRIS_313-36531-2	0
0	IRIS_313-36549-2	0
0	IRIS_313-36587-3	0
0	IRIS_313-36711-1	0
0	IRIS_313-36729-2	9
0	IRIS_313-36778-1	0
0	IRIS_313-36794-2	0
0	IRIS_313-36842-2	0
0	IRIS_313-36849-2	0
0	IRIS_313-36852-1	0
0	IRIS_313-35160-1	0
0	IRIS_313-36894-2	0
0	IRIS_313-37086-2	0
0	IRIS_313-37149-2	9
0	IRIS_313-37161-2	0
0	IRIS_313-37182-2	0
0	IRIS_313-37252-2	0
0	IRIS_313-37272-2	1
0	IRIS_313-37341-3	0
0	IRIS_313-37346-1	0
0	IRIS_313-37468-2	0
0	IRIS_313-35175-1	0
0	IRIS_313-37478-2	0
0	IRIS_313-37550-1	0
0	IRIS_313-37596-1	0
0	IRIS_313-37685-2	9
0	IRIS_313-37754-1	0
0	IRIS_313-37793-2	0
0	IRIS_313-37815-2	0
0	IRIS_313-37837-2	0
0	IRIS_313-37845-2	0
0	IRIS_313-35265-1	0
0	IRIS_313-37967-2	0
0	IRIS_313-38130-2	0
0	IRIS_313-38149-2	0
0	IRIS_313-38251-2	0
0	IRIS_313-38293-2	0
0	IRIS_313-38344-2	0
0	IRIS_313-38361-2	0
0	IRIS_313-38416-2	0
0	IRIS_313-38426-2	0
0	IRIS_313-38456-3	0
0	IRIS_313-35446-2	0
0	IRIS_313-38606-1	0
0	IRIS_313-38649-1	0
0	IRIS_313-38786-1	0
0	IRIS_313-38828-2	0
0	IRIS_313-38899-1	0
0	IRIS_313-39203-2	0
0	IRIS_313-39247-2	0
0	IRIS_313-39559-2	0
0	IRIS_313-35481-1	0
0	IRIS_313-39680-2	0
0	IRIS_313-39709-1	1
0	IRIS_313-39871-1	0
0	IRIS_313-40031-2	0
0	IRIS_313-40090-3	0
0	IRIS_313-40131-2	0
0	IRIS_313-40222-1	0
0	IRIS_313-40402-2	0
0	IRIS_313-40451-1	0
0	IRIS_313-40552-2	0
0	IRIS_313-35488-2	1
0	IRIS_313-40642-1	0
0	IRIS_313-40759-2	0
0	IRIS_313-40914-1	0
0	IRIS_313-41047-2	1
0	IRIS_313-41095-2	0
0	IRIS_313-41134-2	1
0	IRIS_313-41177-2	0
0	IRIS_313-41218-2	0
0	IRIS_313-35534-2	0
0	IRIS_313-41288-2	0
0	IRIS_313-41313-2	7
0	IRIS_313-41325-2	0
0	IRIS_313-41435-2	0
0	IRIS_313-41517-2	0
0	IRIS_313-41848-1	0
0	IRIS_313-41909-2	0
0	IRIS_313-41938-1	9
0	IRIS_313-42007-1	0
0	IRIS_313-42040-2	0
0	IRIS_313-42055-3	0
0	IRIS_313-42066-1	0
0	IRIS_313-42096-2	0
0	IRIS_313-42127-2	0
0	IRIS_313-42195-2	1
0	IRIS_313-41523-2	0
0	IRIS_313-42237-1	0
0	IRIS_313-42399-3	0
0	IRIS_313-42423-2	0
0	IRIS_313-42429-2	0
0	IRIS_313-42459-2	1
0	IRIS_313-42510-1	0
0	IRIS_313-42538-1	0
0	IRIS_313-42557-2	0
0	IRIS_313-42611-2	0
0	IRIS_313-42651-2	0
0	IRIS_313-41544-2	0
0	IRIS_313-42664-1	0
0	IRIS_313-42720-2	0
0	IRIS_313-42732-2	0
0	IRIS_313-42743-1	0
0	IRIS_313-42889-2	0
0	IRIS_313-42976-2	1
0	IRIS_313-43009-2	0
0	IRIS_313-43016-1	1
0	IRIS_313-43053-1	0
0	IRIS_313-43106-1	0
0	IRIS_313-41650-2	0
0	IRIS_313-43166-2	0
0	IRIS_313-43174-1	0
0	IRIS_313-43175-2	0
0	IRIS_313-43183-2	1
0	IRIS_313-43242-1	1
0	IRIS_313-43269-2	0
0	IRIS_313-43377-3	9
0	IRIS_313-43496-3	0
0	IRIS_313-43515-1	0
0	IRIS_313-43538-2	0
0	IRIS_313-41671-2	0
0	IRIS_313-43542-2	0
0	IRIS_313-43563-3	0
0	IRIS_313-43645-2	1
0	IRIS_313-43677-2	0
0	IRIS_313-43709-2	0
0	IRIS_313-43727-2	0
0	IRIS_313-43826-2	0
0	IRIS_313-43860-1	0
0	IRIS_313-43862-1	7
0	IRIS_313-41729-2	0
0	IRIS_313-43989-3	0
0	IRIS_313-43999-1	0
0	IRIS_313-44022-2	0
0	IRIS_313-44081-1	0
0	IRIS_313-44084-1	0
0	IRIS_313-44268-2	9
0	IRIS_313-44272-2	7
0	IRIS_313-41736-1	0
0	IRIS_313-44461-2	0
0	IRIS_313-44476-2	0
0	IRIS_313-44544-2	0
0	IRIS_313-44548-2	0
0	IRIS_313-44637-2	0
0	IRIS_313-44642-2	0
0	IRIS_313-44701-1	1
0	IRIS_313-44735-2	0
0	IRIS_313-41793-2	0
0	IRIS_313-44802-1	0
0	IRIS_313-44804-2	1
0	IRIS_313-44805-1	9
0	IRIS_313-44978-1	0
0	IRIS_313-45003-2	0
0	IRIS_313-45024-2	0
0	IRIS_313-45055-2	0
0	IRIS_313-45237-2	1
0	IRIS_313-45297-2	0
0	IRIS_313-45352-2	0
0	IRIS_313-41811-1	0
0	IRIS_313-45368-1	0
0	IRIS_313-45397-1	7
0	IRIS_313-45443-2	1
0	IRIS_313-45454-2	0
0	IRIS_313-45465-2	0
0	IRIS_313-45858-2	9
0	IRIS_313-45996-2	0
0	IRIS_313-46117-2	0
0	IRIS_313-46137-2	0
0	IRIS_313-46143-3	0
0	IRIS_313-46236-2	1
0	IRIS_313-46289-2	0
0	IRIS_313-46500-2	1
0	IRIS_313-46567-2	0
0	IRIS_313-46612-2	0
0	IRIS_313-46659-1	0
0	IRIS_313-46698-2	0
0	IRIS_313-46760-2	0
0	IRIS_313-46787-1	0
0	IRIS_313-46865-2	0
0	IRIS_313-46985-2	0
0	IRIS_313-47161-1	0
0	IRIS_313-47174-1	0
0	IRIS_313-47255-2	9
0	IRIS_313-47372-1	1
0	IRIS_313-47488-1	0
0	IRIS_313-47496-1	0
0	IRIS_313-47695-1	0
0	IRIS_313-47773-2	0
0	IRIS_313-47818-1	0
0	IRIS_313-47978-2	0
0	IRIS_313-48292-2	0
0	IRIS_313-48353-2	0
0	IRIS_313-48387-2	0
0	IRIS_313-48454-2	0
0	IRIS_313-48458-2	0
0	IRIS_313-48630-2	0
0	IRIS_313-48665-3	0
0	IRIS_313-48758-1	0
0	IRIS_313-48932-1	9
0	IRIS_313-48942-2	0
0	IRIS_313-49127-2	0
0	IRIS_313-49182-1	1
0	IRIS_313-49242-2	1
0	IRIS_313-49257-2	1
0	IRIS_313-49359-2	0
0	IRIS_313-49375-2	0
0	IRIS_313-49386-2	0
0	IRIS_313-49409-2	0
0	IRIS_313-49440-2	0
0	IRIS_313-49524-2	0
0	IRIS_313-49573-1	0
0	IRIS_313-49580-1	0
0	IRIS_313-49604-1	0
0	IRIS_313-49737-2	0
0	IRIS_313-49774-1	0
0	IRIS_313-49806-1	0
0	IRIS_313-49850-2	9
0	IRIS_313-49891-2	0
0	IRIS_313-49924-2	0
0	IRIS_313-50035-2	0
0	IRIS_313-50192-2	0
0	IRIS_313-50320-1	0
0	IRIS_313-50368-1	0
0	IRIS_313-50402-1	0
0	IRIS_313-50441-2	0
0	IRIS_313-50456-1	0
0	IRIS_313-50470-1	0
